UserId,Username,Password
1,root,root
2,juhrzx,hdrxsrfh
3,jicbzk,tattufxa
4,quotmy,xehlsikg
5,pcbehp,yfdblnko
6,xaxeox,chwvvuil
7,pwtgok,lislhlho
8,vmnfdg,zvuyekwa
9,wptvuo,rrxyxcnk
10,xiwlgg,zewxrcyg
11,ickcbk,emsbgajp
12,lgykbs,nsmrdugf
13,hnqwas,atrwzjyy
14,vrocpv,cthvmemg
15,yrwvqy,zblbciqv
16,jwcfml,qmkbztcw
17,hlypid,tnpqtmrw
18,jqguug,ftehhjfd
19,rpawms,ydfbroiv
20,fpvgju,exvudysg
21,yuhtan,iooydqxi
22,etcvnl,ylgtjofx
23,wqkkhe,vcrdcslv
24,zdaerq,hnxytggs
25,aynzld,hcebtzjf
26,iyrufs,ndlflpkf
27,vbtwvz,nghojroy
28,akvetr,vhepjacs
29,egfulg,wtmjopee
30,camisv,mzuyntvh
31,gkhxra,rtrmizpa
32,zshaqo,cofcvivo
33,akykzo,xoxvtley
34,yrmean,hiqxxyjr
35,pjgkoc,eagmpvth
36,zzlrcz,lhdpqiig
37,qidhve,xdqqksyk
38,fwduug,casfymds
39,ejrals,fqwafchi
40,dybmhq,ivhplyha
41,cbqnds,rvatvdry
42,kckgpk,ijljkjui
43,fatnas,wmcjxfgq
44,tnbztr,bexobqli
45,aqbgby,kqwoastg
46,hracsl,gdrucrqa
47,litmhp,rdmwucnt
48,nxzakk,yhyllyap
49,nknizn,jlnwzavw
50,mtvynh,dwdevoza
51,ddyxzk,fsaqvxmw
52,kdoops,npufzgsc
53,eqqrcc,abkifnxa
54,ubulxe,cowdxfij
55,ulmmfy,ukknfoiz
56,cbiatt,oopoypgk
57,yjkxic,edaagmhf
58,ceftij,gyvpbrmk
59,epmpqg,mpqrpsqs
60,lybjhc,ooxymayw
61,txmsyk,xdysaeuu
62,hklbdj,xuqwugif
63,lhzxbh,drpkwqyr
64,ehmumz,vhgmnluw
65,nfpoam,dhlcqqzq
66,figtuo,uobepsvq
67,gbennp,ecpxjyom
68,efjcsy,lzlmfosa
69,wfgvos,tlhwjfxa
70,lfxowt,rahvgxix
71,guoxtd,nrcsnaya
72,kscikp,avfpjwjf
73,wvkddb,zudfkgus
74,yridxm,mxrhdnxk
75,rizgiw,dfpecodq
76,aoevdt,gpjhbcfo
77,tvtgkz,wmqqysxh
78,zgnxmm,smdxeflt
79,vufrbo,cmfwytuy
80,thfjgw,sakcuhaz
81,xhursg,bjfsxasp
82,bllvka,qdcjlkel
83,qiyrkl,erkrzqcx
84,iewzwj,vcirtzgo
85,arldgd,avdjjsfi
86,flicah,xouashkk
87,mumtlb,yjhpetoi
88,slvxfs,fxfyprkc
89,ctzjli,grdvdpic
90,ukynpz,esxrfakm
91,gezchl,ovzispuc
92,emivzc,tpskqsgt
93,pgnkew,brxgoxql
94,noifsb,pcylgeij
95,modvgz,jaxuelsf
96,mmxwxw,jygozovt
97,vchtzt,ojytpveg
98,ggaxvd,rsvjvanv
99,dvuwzn,fexkwqru
100,ngwcxw,qqxznmqv
101,zmfvta,oatikvkm
102,yugepu,izdjtojl
103,bwxzzo,tuajxerr
104,cjvwpl,kobnejve
105,binlrf,rswxztem
106,fijnvh,aygsayws
107,kuxyao,qymodois
108,kfhzos,tzxpexpl
109,txikom,jhwwjfku
110,gxamge,orhphpja
111,fqoioc,plfybuhc
112,kmyxqu,dwwrqbom
113,fxhwgp,luhushsc
114,slqfqw,nuhemvoi
115,raawkr,hyjxvgrr
116,dcfzqb,hvgyyidx
117,mdcdqs,ehjbaauv
118,siaysr,jllxfqao
119,ruumfn,pdynkwqm
120,rumltb,vqouvqqb
121,ocpaws,zbdwlvhq
122,ecofyu,svoxybhb
123,wzglil,frtcyhrc
124,brbfkh,zijmzxlv
125,xfvihr,ugdnnrag
126,zmwzzl,jomymegh
127,cmoiea,jqetnuzn
128,wnrwqa,jdthtqxt
129,xwhklu,idyfipvo
130,vepxbo,cpwqevul
131,bnkbbb,obydbckn
132,xhdhqo,mfpvcngx
133,lktczz,smpzdlfk
134,kmulbq,ivvvpitk
135,hzrxvu,kbwycptt
136,iyspod,iamuitdh
137,uwqqjk,mvwusthw
138,wjdwhr,hgirpwbt
139,jceqyd,ttjfceet
140,bmmujc,kdxlrrmb
141,slzxzs,ruoiwduv
142,brkvuy,lywbmfkv
143,hznlvl,keeclfsn
144,ppfsro,lmvnydwu
145,vbfmfa,hhgbdrsp
146,spxldf,rpybbwwk
147,cwxdfh,nohxmiiw
148,abrqua,iaxgeaul
149,rjihvb,mrtkfibc
150,lzzevw,vlaqfeat
151,ggjltl,lakmawgc
152,jvreqc,mxwawouv
153,jbyygz,yvorncem
154,galwtv,xgaftygo
155,pulvvp,axrdfmim
156,ldblfc,upsoetdc
157,cdyoen,nzvnkhvn
158,lamjge,zhgonsbc
159,iyohjv,cagwfwxx
160,uikdca,btrhwvvj
161,rdmlcz,thhtngmo
162,fmpdfi,nstqaonk
163,ueawrr,xbojsxab
164,dwjtxn,mdewlnuu
165,ilpqai,llbkcvon
166,otenli,ddcavmtc
167,mlafkr,orrnaosr
168,savfol,kuxzbhht
169,lrqqdw,qnazbtcc
170,cmnrie,txzdxgvg
171,wavboi,xoykvbxy
172,bkyqqy,hdrkaknb
173,iiebkp,vpzsgtog
174,takdjm,qdcnpwuo
175,ejqyqv,ddrlywsz
176,xgnont,rtxwblng
177,uddusw,uqbifxvi
178,yulpvg,bdvkbqdk
179,ocmwue,eanxbqik
180,bdqntd,lijnbsfv
181,odpcnw,dawohnuw
182,qecvhr,lzhfbhtu
183,wyainp,oslxspnk
184,lhxuri,oqnvigwg
185,bgxdli,jwozceem
186,agzqka,slrodfpv
187,awqhli,xdfairdi
188,krpieh,ckhpbopj
189,cqucbn,hweuvkwk
190,atqotx,evmfpodd
191,wnbabd,pqpumgaz
192,iwipqn,zwlnxfzj
193,ihvybu,otaqrgou
194,kfdrqo,iadcrzla
195,wcbudh,zsrqlrpy
196,rpvfmm,eigpfxws
197,tltwna,cynqtses
198,ykrblf,afukyoqj
199,vlccrd,dstvjnfl
200,wbuidx,ievkxatj
201,fwwudf,weyedzpv
202,yxlrti,osedjrnd
203,auptzx,oqhkluec
204,tobota,ajjgpeui
205,fxhrse,tzjhieyt
206,zvyciz,blwkxzou
207,vepvmm,djlvgzko
208,ksyhya,ebtuosfi
209,umwirs,gtqtpfbl
210,tntfgx,uowezkez
211,wqryhi,qwhnpaqo
212,imkreh,gnfqtrft
213,zrunga,kwxjihml
214,bnwdmo,kbobublk
215,yhelsr,mpxvwymm
216,eizpiz,svxxhtld
217,wxuxmi,fefcrxbl
218,elupcp,pwflhyth
219,rufblk,eshyihlv
220,hpxffp,zrtrwqht
221,aojoam,ctnboyko
222,kkwbrh,tedvgfsh
223,dnkaos,srvlimoi
224,qmyqii,bxvrsuhb
225,nocnym,kdcendno
226,pxoynx,mwzgjzsm
227,thyamp,qxkayhgn
228,fzcpeg,gkdmicwx
229,vtpbhh,rxnhelrv
230,xvgukp,luupnvhr
231,xllxvm,qmedraia
232,giesaw,hbistvuo
233,fymytj,yeundyil
234,qnjakf,rbsnqqdn
235,oaunes,drodgyoi
236,xcqjss,tjbhubgr
237,gspxed,yoyxcdyi
238,pnqvfm,jsvyjuos
239,rixujc,xncxohlk
240,ebdclo,tywoiocb
241,bbrnrs,gvzwnhzo
242,zuwhnz,qjxfmisx
243,xmhnlb,tomdxlne
244,iolbvm,nnwbrkga
245,alatfi,wlnuwhdm
246,sxmler,rovrwfih
247,fivhla,hwelrovt
248,bbdbmg,elqjayvg
249,hviipc,dybwabrx
250,niznzl,swqumkft
251,okzzsw,ujlxnnlv
252,syjcal,hnxaahge
253,mgjckr,lqxvhddu
254,zqthrl,fyxehsmf
255,hnvzbj,ypsgpvlq
256,mlgiit,sqgcddom
257,ydsosh,thtswuhs
258,eauutk,fllprkep
259,qruvun,tvkelwpj
260,fitnfa,okdfgjxi
261,hvxcao,tmonuoyo
262,nkjmny,yxdfgdop
263,pvtdqg,wdkvcyja
264,tnvket,etnmaxpm
265,vzuulq,iuupfpzr
266,notfpu,koehvssc
267,scjsac,tcrqrdtr
268,pdnmdd,ghbfbiyi
269,zvxkpy,eclyjgfv
270,llrqai,gphfxgcp
271,gkzoig,ugnjqwdd
272,xofwsr,qtzdtnto
273,bgvzcx,wbdcmwwa
274,cswtlq,yrcubzrx
275,uvenxs,bllmhgrg
276,oxagpt,murhpceo
277,ficyap,zjugthfq
278,wgvgdk,wyfbggor
279,vslqnl,gkrsiisy
280,vxytcd,khjfwehd
281,eilxfr,uujivhwn
282,ybexml,xwihyaxe
283,yxshmc,ujmbxkcz
284,fofiap,esfwrewh
285,xaiomv,bomwwdcd
286,iwqdmj,ufiewebp
287,zcnkac,warsdtax
288,ghqvji,todfovud
289,aqqloc,pcmdmbwu
290,zkpqen,xzkbzxmr
291,asbcaq,nhsaupyi
292,xmwgso,ixhjwbhq
293,chgmqz,wuslcfje
294,oywmbz,alrlqeaa
295,zaioes,bbkmqlnq
296,dixzlv,ycjxdewv
297,chhsbh,onjqkisn
298,mhpzva,vrefztsj
299,aovfns,qdwfkmat
300,hvnhvw,gedkcymt
301,grvfey,ddpaohte
302,eempve,givxeljq
303,wiyity,xcgycnhf
304,alcrrj,eccguase
305,nhxegv,qmleonqt
306,zrzzib,ootiumds
307,qwkufm,egafrcar
308,uqovnt,gbrqojpm
309,pbrirb,dwvtnyrr
310,rllnwn,mwullfhb
311,blvefr,wsjoajqc
312,kyvhyg,cmltspax
313,ujpwss,tiyvmoue
314,yqloln,memfhjmi
315,mqhaoz,okxldvzu
316,lcmodv,neiangfr
317,gdxqdo,jysblnrx
318,vrtlnn,vxgmutfd
319,nauyvz,ttacwjwz
320,tiaczj,jnpevkaj
321,xnjmeb,gozhnkyn
322,mkixob,bkgdrrkb
323,dxocon,cvwefnbg
324,ozfkvj,eaifaqhv
325,wrfjaj,ttnpblld
326,igadqy,finwdlyh
327,ysjerd,tjtjicen
328,mjzgku,wbmeydey
329,ropwek,tnnqskul
330,trfwvz,ggdfhunn
331,ssrzej,qdmorcqp
332,fadmlh,iphaqjxz
333,gemnqa,cterxpub
334,uzoevw,dwhtnpty
335,fxevfb,alylqqil
336,emwzzd,hjrcduvs
337,eedfck,wdqmgdzx
338,bwxpxr,wpmxcvey
339,ivcnwq,nxbgsyoz
340,jkldwi,szzwtbby
341,xvfvnz,jwibvonp
342,odddmc,fqxujmci
343,ududlf,yfodjqtn
344,apddqg,zmcwqkkf
345,ltsacy,xsrnktsq
346,emdeul,axltqdpp
347,ocjcyk,tmbpmqmg
348,fvxprn,vbcnmvlg
349,awdgak,vritekaa
350,zdsuym,pzheyppp
351,dqncyq,jcdwlfqo
352,akbzzx,hzupydev
353,maxjmf,suxmfbmm
354,wlxsfa,xnvyvdem
355,becgzf,rotfsfye
356,lyeadf,jqfinxad
357,tficlq,chbnfvzq
358,zllzpw,svcfvccp
359,lvyosz,wccesmjk
360,qtepia,ikiilpsc
361,ahkpol,jynseekw
362,rvqdso,kumwgzar
363,eoxxdl,zzhrejsn
364,ocnjlc,hshzvxuv
365,ktinhj,yyxcijep
366,krxpre,bvkwnjce
367,zerhht,azzuzlgv
368,nufnfi,slmpioey
369,medyio,tagkjqmu
370,xuvzgd,msgknosh
371,usixpr,yifimjgh
372,qhadmw,jbvelhih
373,wgeoac,foobwbkg
374,tciidk,gfpimrnu
375,xlkbdu,lfbigrub
376,uqxmdn,jrokilrc
377,howkqd,insqimnl
378,ziffww,uosizcyf
379,hfhouf,qlmvegri
380,dsfjot,cvpmmdmp
381,hjloeu,iirisocb
382,onocdj,mdrkyxig
383,xdhyjp,tgheeubt
384,jduirk,dhkinkri
385,baskxg,kwyospbe
386,dzlpwk,zfsibepu
387,epedkn,qveppbuw
388,yhvdbb,trageacf
389,umcsak,nokprvgg
390,fcizgl,nbontqbp
391,htfaki,klwrecgv
392,cmncaj,ebkwdvmv
393,gfebms,htxlljgh
394,xtsrkf,zllmrbxl
395,ysiyrq,hmmrakht
396,dmfknd,gdbajxki
397,oquwmy,adejzffs
398,fmojts,arulhouf
399,fupgkx,hhfzzazw
400,wefkpy,fsyhzcgj
401,xfgvdr,iitbjxbb
402,wmsrel,psrtzuuv
403,xlzryx,jeerthdr
404,jnaseg,babzrsxy
405,krcsxc,xwdcibec
406,ujchcv,ilzxjrin
407,iqukcr,abgmxkvd
408,guphhj,ptezomtm
409,pynitu,acgspcjl
410,bhexmc,zjavssrh
411,nyjhix,ncjjwixd
412,joshup,fewqjjmo
413,jemazk,abcbnkwg
414,ovrhti,ktcwrflu
415,yclott,nffsezab
416,utqrfa,vscmzyww
417,ploprx,ngytquug
418,azypwl,tpnxjlij
419,zhmkvt,hfqeqdcd
420,hvlcpt,wflqbcjv
421,xqtqsf,nslfdzrv
422,vkrlyu,vqxcrfet
423,otmbkl,gjprdela
424,wgcmme,wsndxdgg
425,pbntid,cqenjekq
426,thoedq,bhlpqibs
427,vcdhjn,ahlkyvyp
428,sdbyhq,ihhamvzt
429,dikjzc,itkywnjs
430,rnbntr,sgmqcxaq
431,vzhcme,pqmqkmdn
432,vfmvdr,vrxbxeql
433,smahlc,ccquvckn
434,hwigxl,aztfgtmc
435,zqmash,mmrcpxah
436,luczeg,seljlwgw
437,uujptc,jlslkukx
438,mhdgvl,daejuwee
439,pkbpnp,fmlyiuhw
440,kfnkcb,zmslrdqh
441,upzgjy,uxieqjdm
442,jurmpu,oodljala
443,xoxdll,dndocvnw
444,skgoai,zidthaca
445,nwpwob,sxydrdcy
446,gfqtdq,jlxzgqmm
447,hpgrgu,jwahqvto
448,gbmpbt,mwgszxlv
449,svetqb,wtqqwuwl
450,prznex,iilvjfdz
451,clugpd,ntemybde
452,onxqvi,wrbttyxb
453,ngtlmp,wgstiuei
454,uteuzc,gawrcuty
455,nrrjas,myabhpjh
456,zcwwra,xxibcetn
457,irafqs,iuamngpo
458,gjktxi,hehgxspm
459,tjjoaq,axqnwyqp
460,gjurjn,olaszyji
461,myorif,yxilnohg
462,cnognx,atsfgwqb
463,sdjwsn,zfagixqs
464,muvtae,luyyejjq
465,lipjqy,uimvzsoy
466,xpzjlo,fpnpkffs
467,ecegaq,isboimaq
468,xxvzvj,hveexdfa
469,ckaroc,nmfpwmqe
470,ejbpre,nylxzpct
471,umbstw,imyhmgsv
472,tptoyq,srlwubal
473,foodjo,pnettdkq
474,djnkjt,nxfpynvu
475,rubzyh,wqjhhujf
476,kqrdbw,gfsilpcr
477,snfvop,rgrvmhxc
478,ndvjar,ffpcwkfu
479,khsqgc,ochyjzyb
480,gvudkq,urwkdkpn
481,vofibx,morkifxe
482,pqmook,ntfsgvuh
483,fhtxag,thwzmatl
484,pfcear,rvbmchoj
485,qyddax,aojhjcli
486,fvpvat,ltxbilic
487,swddpm,eygzglco
488,skbtcj,dbnosvsf
489,rgaqkk,bpnrreio
490,rdpmrg,ryvschri
491,eeusya,klsslyoa
492,zswysw,kdjfkbar
493,qjulel,jqufrmbr
494,rqunbd,bxqptdcx
495,lkloxj,nsdvrrhy
496,pzacma,yplamsej
497,fnajml,nbyjlrpy
498,xpqjiq,hwkpvqhi
499,emwhxo,mdnvgggw
500,sjmhan,dinkwxiu
501,ymexhn,aisbdtzz
502,zrjjej,jngivesp
503,fmfuqy,tqajumma
504,ibomex,badkpvcq
505,tjattd,qdjjwwus
506,uqlrly,qbthkwin
507,pjtilj,lcfkgdod
508,nnvmsz,rovuvglt
509,punxck,xtmvjwej
510,humnjt,lvwspmrv
511,wmross,ewejfmuy
512,ruswrs,jvxytlyj
513,rjuhxw,hifcaexf
514,hrprre,xlljhvdr
515,zckapg,mfcjxkzp
516,oecipl,tlkcjbsy
517,liqfcj,egbgoovg
518,hrilha,etoyfjuk
519,bfdmns,imyqcbzt
520,hnsiri,erujfkyr
521,rmzgwo,jvnkvqgi
522,rshkit,vdihzqju
523,tmxdil,eqwryekf
524,ftlpit,rakestzo
525,gwupft,umgzdtoc
526,fbzejp,lsmtqpeo
527,ipgzdt,nnxxolsw
528,gfrvxe,symdknwo
529,dxmvzp,agyhviio
530,lhuoix,rcohunkk
531,rqxwkp,xowdbksr
532,zophnt,wwrtaxdl
533,phrmqn,elsnrtti
534,wypgow,jmrgtcab
535,jrntyr,qzzhttsx
536,sstesi,wxwrsdty
537,zpywzy,txcslfvu
538,pzdfqa,znyibcgp
539,ovwalj,kdexezzo
540,vycggj,rvixieua
541,xrqudr,dfvedpgk
542,jrbmkc,acloegzl
543,rtcdyo,soqvheuu
544,akntle,ourpzprw
545,fqixuk,redxtzpt
546,oqnndo,bujbnfuc
547,olenuf,nvytjgdb
548,tjcafq,dgaibiim
549,izizls,bylzwuar
550,wsqiun,osnthdcr
551,txunlb,prxmnlhu
552,hldsid,kdhcijxb
553,lsfwrc,yufjdzau
554,weasiv,eqzkdrwm
555,aasqco,ysewbizc
556,dxyfcy,dxyfobfj
557,kcgede,xuhsiznr
558,itbkjq,ldovozvn
559,gszhay,wncmeuin
560,uqvwaz,puynqyld
561,wfnabl,lhgcpzbj
562,wmuisw,jmtqiudv
563,pqwjnq,mqonprrp
564,eolydt,qepsxelv
565,ugcqwj,uirwwmup
566,lruojs,nyuwenbm
567,xttezq,khzffgvi
568,xdsjiu,oermcrae
569,aqmyeo,dxhjwciy
570,lzvpkt,zeooygrp
571,jgpzht,gnowhwxc
572,fpvcod,yypnszwc
573,tcqffz,nqvurykt
574,lzlfub,eodhjpjc
575,pswfgh,isddclox
576,ntmeez,qjkvcoly
577,wqlbmt,bnouzqip
578,mgyktd,jtnsjjkm
579,mkgnat,nfjgrpci
580,ynfgtz,lucfwvuj
581,ughvfm,keqzrgbc
582,lhsrdy,beoillvg
583,odxzms,yktxmcuq
584,zodeze,tyrxqrmb
585,cfqobt,fmsmbaej
586,tpikgz,dtkvrcxf
587,drlybo,wkcqvull
588,betzpe,pekadmej
589,itwbod,zrixouyh
590,pudqbs,vztrkdsq
591,ooadxo,lohzhuro
592,qkfxti,zealvkwe
593,xjimqb,smyzpejn
594,svjxmf,stlzgfce
595,itzqhp,eeqipmry
596,ivvaah,eagwaxex
597,restim,bqeyqdfh
598,efckbz,fhalpiam
599,chaqru,uqajgaux
600,prnlmz,blijtxgj
601,mleili,hwntpchp
602,bdpgqf,oamxodjh
603,mvsfse,czbwxiqm
604,gdhtkk,zegvssyp
605,viqvtj,stoilvbq
606,qtpyqv,pjltpeeh
607,jvuciu,fpxkgmaz
608,yfdnfn,rathgcaw
609,pvdmml,arbvsjqb
610,xrrsiv,jdifiyba
611,zyjjsf,bptmcheb
612,qmsvzp,qookwzcd
613,uavdzu,mjnburzx
614,vtuaaq,gfyibxka
615,zozgca,mduyycff
616,pphvtq,xjjkgpvq
617,pugmvu,iigenllf
618,nrkpnm,ocqhllur
619,hroiuc,yhiarcjf
620,pohzog,ogulwrec
621,enojxq,pubgfscu
622,temafd,attpdcor
623,tyvdhp,rnldhnhn
624,cminin,ycqzlrbw
625,lkvgsd,ffncwcwz
626,iranml,vleoiqrc
627,faelzb,lnuhmahy
628,mxnbxj,iytguenv
629,fqapea,oxesypjy
630,mdetkg,dkcuhryb
631,tvtezf,ijbdkbfo
632,kazmwi,oloiyrjq
633,xuadgk,zbkrbwvt
634,zzifmi,zoetjump
635,jcqtrf,damqlcmm
636,wcxlud,ygqnqyvw
637,rrtdhf,ddyefeon
638,ugtczg,bvhyvlum
639,cisgvc,ahjltyun
640,rbovgi,wludykva
641,bcjjqu,fyjlzmvx
642,ivrxmn,akwehirv
643,loqjwg,uextvppi
644,rtasap,yuqpekco
645,txldrn,aazpnrqk
646,lagorp,lpxypuio
647,tehwkl,ttofgstz
648,ctqywa,irzxnftf
649,gkccdh,oeeqygdj
650,lczxdr,dbveemhd
651,hnqtfd,xwwehmma
652,igmybf,zcdtjhvu
653,zpqgcy,drgncjqu
654,pzdkvz,nxeqtfhk
655,ogzbct,ofkxtwjq
656,yunhgr,sqqcxmjd
657,ggtnfr,cgyryzcr
658,wacqyf,smynfwpp
659,mrxsrh,mmamkofw
660,uzsqeo,vgsfgbox
661,qptmvp,rqyqwnib
662,vcnmyg,vecrjoyj
663,mxtyph,voubrpwi
664,dkgunc,jodeqqdt
665,mtfhlx,cjhhlrgu
666,pzawvy,ybguvqat
667,cbeypm,vmulstho
668,guxted,cglcfjji
669,lasrjx,vvziqjwi
670,xtjlpb,cngjmqyv
671,ycgllc,ixcnncdt
672,wrsrdr,bfubtlxx
673,cecxrg,tbsmzynd
674,wencow,zmybsvsi
675,lpaijk,gmzlrkhh
676,jmnuxq,rilghyqr
677,yekhoa,kgybghqs
678,rywsbk,pmxuydvj
679,cpgdjk,nkhnuyrz
680,ydbysv,cygvlpzp
681,trxxix,axiulynx
682,vvsbgx,smpoigza
683,gycchh,qfdglcjl
684,yobwwp,ssewsfzf
685,jywdji,dxlyadey
686,xwbnfi,qokyfzmj
687,xjqxdz,ioojrhyk
688,xsygrq,vtpwxsoc
689,xeeowj,xlpmzkse
690,ilqvqy,jlulkdqr
691,ioslra,vbyyynbz
692,faibmc,ecdnjfet
693,zydwqq,rhgawhko
694,vepfql,fmvcxyzc
695,cqhqlc,andcuhab
696,wyekwe,vhenanvg
697,hfxfxz,obvopwzd
698,otjmkm,fctpyiwx
699,onfjqk,apckshyh
700,ajuwls,mjgavyun
701,efqakm,vuuyrbbo
702,nmcpgn,xzfpqcfc
703,iwvyil,qvwrncki
704,wbkkfn,tjhdbezy
705,ldpbsz,ghxkxkti
706,cvoemq,kaxeukas
707,prytoo,ojfqjhpp
708,hinyin,kxyskmwx
709,sdrtxo,zcwwvlgt
710,dzjtrw,fwmmhcpz
711,awlfxc,hznvhosy
712,ohmhmx,risirolf
713,sqvdzi,bbllxvlk
714,zbyqxk,lywfuzvm
715,qwqrcn,vcbhvemk
716,zzwlwu,fgvcmwfr
717,cextex,wbskatyn
718,qtwovf,bdhbollt
719,ehokxs,gnmacsia
720,kjgvcm,ujtyksuh
721,zjkdvr,nvxjevjk
722,xgewfh,ckarqvpe
723,twjfla,fikdooom
724,zuhnvy,cumjjtbc
725,lqeual,mpawbvfw
726,tgdmeg,zhdzrnvp
727,remskn,vyebmylx
728,zaasrx,oiyzkmtj
729,oulkuh,jbhwsinv
730,npprxj,okathqnh
731,bnctyc,olgqsxqq
732,ehjnyi,qfaxxcgq
733,rorwfq,xnndmvnz
734,olrmcl,fmowpuaw
735,ewkntb,dkfpaxic
736,cgnufh,okupksok
737,jmpsrd,hpqgfknu
738,kpecvf,tiuqqtvg
739,rbyyxh,ihyhvatk
740,owtoct,wwqtyatt
741,pussgb,nxuwvavc
742,duojee,isbgngvc
743,kzdfex,hdiadkma
744,xjdgxm,twwjbwmg
745,eassej,gutbglam
746,rtpyfc,xtslcaua
747,fxyvop,nuzifdyb
748,vugkzw,azfnpzlc
749,fxhync,hdtqtehg
750,ttyuqo,vxlygpet
751,gkdyod,afryfoos
752,jnbqrd,cwlofhew
753,qsavmv,mkmyaayk
754,zweefy,rkdzvdlg
755,hiifna,iiyuyhlq
756,avlejk,hhqmmsnj
757,gmtaio,eaqluzmb
758,ctggmg,owbeglgy
759,lueysy,hcskicdx
760,vntbis,jtezeqpo
761,gwrifd,ltjhudgo
762,onaczn,mvjwhkbh
763,kebivy,fvpmzhuj
764,zthnpt,psfeuclt
765,eukbqc,mnbxonec
766,fxitoh,rcetijst
767,ofibwr,czxsuqri
768,kyqzop,iezacfec
769,ewhbvq,lwvhlnht
770,pnuvvj,lpeeykxi
771,wuclzt,upeqozyc
772,fpcvhe,selrvflw
773,abuluz,gapurgve
774,phbdry,qrvnnrwm
775,putkgw,lxszfond
776,oaqhfm,jchxiaai
777,bxanpu,tckfzzbf
778,grnozo,commoqrc
779,xhposh,ktvwgxch
780,pmbrli,wgubiwqd
781,pedwin,eeuhfcde
782,hmuezy,tefmxotz
783,eipfja,ywtpnfkb
784,yuacva,idmftsjh
785,xbtmeu,vfljqxts
786,fiktve,lhexjxhu
787,yxvdot,xauncfmg
788,fcpift,zucyhsog
789,zxuhtm,xaxfjmef
790,csbvpj,aouwxlqs
791,uwwvqh,sorvprwl
792,lwqtjb,hqrzfaxl
793,oeoahh,gbekkyyj
794,mwnucw,mbcxmgup
795,twcitk,gykupsdk
796,ctkvur,jshbmfqo
797,wisjxv,bhxtqbzt
798,epahgu,noshexdb
799,msysfc,fbrpfatb
800,mibqaa,jwvoxgtq
801,eskdrh,hsimwklo
802,onztjv,bvlgwlvg
803,fzrbji,zjzcwyqq
804,dowjag,uzvqaebo
805,mnbfxq,gflbeida
806,soxvgn,yuzrfgpl
807,mvxqho,haezlxly
808,zzcpxp,vpzxvqrx
809,wsbgvj,ebmorbsp
810,fschrq,wggucdvj
811,ptnkfh,fbroqxkl
812,lnlqnk,yimfyyuq
813,qngvgf,egtcydjl
814,nkvlwl,btzhtcae
815,nflmfp,kcgvwmdc
816,ypjydr,xxevenvv
817,wqklif,gvecvgak
818,aroseo,gnnxshpt
819,ipwwcy,lbajvtxv
820,sdccqs,lkdpacmc
821,iudsgx,mbvkxirc
822,qfckow,merdcnih
823,ucausy,llojjiwa
824,memcjf,kxezbyma
825,uaiboc,wsogumpk
826,oakclx,sjiqbxju
827,yhvxof,qijwvbey
828,rfyszi,udbrwllw
829,sprgkk,rkzuupki
830,yinwat,ociadoys
831,ycaghb,vnaropzi
832,hmshyx,lbtbmlgc
833,qyffyd,qqbotrcm
834,dzduph,tqgfbnnr
835,igbydy,wxvbdjba
836,cykfqa,shtkaplo
837,zidkvh,kmgjlzae
838,rvaysd,pjyrkpnw
839,qwhvsw,wqtyilyh
840,ygxfsn,mqzkyabz
841,yybshw,tpmyhlyg
842,qrnvwc,kbyslgjo
843,pjfrxt,wnwmoscc
844,mooywg,gjnnherq
845,fftdma,fnxetcry
846,dawchp,smlvzjjp
847,wgorgo,tdfxrtfl
848,tpxxml,daurwfof
849,oxwovx,czeqxnqw
850,rbzddm,mhpewfby
851,lunidc,qgrcwhai
852,rurhxa,uzoafrgo
853,xwonye,caqexflm
854,teprah,vwhnfrdd
855,wvtiup,occnrhfa
856,zldxad,yxchzxtt
857,bjsiwj,jbupudjv
858,tsmvvk,lbbzzrii
859,ecctwj,huumxhjc
860,synnhn,xemriezd
861,rdfdgd,ptvtwiki
862,edtgeq,uqnfkzvq
863,xvfwhe,jlwzwksb
864,pxyqgp,ajsxpawl
865,taslur,hglrmlfr
866,hawmkb,pnkwcubn
867,gybnys,zlcotahu
868,qlosih,spszdskd
869,pdfwzw,pwfmcttq
870,rxjthv,ufcmglze
871,kgxyqq,wkmnznfe
872,kpirfx,wowcgdiy
873,zpsjwg,lskpsbuz
874,nszzzn,zbfstbmy
875,pbcctx,tylpvwdz
876,zxvlrv,yqnmgfkw
877,ivrfzj,djggnhwe
878,aubfbu,mooyylnt
879,rebbpk,apxljobq
880,larafm,jvdfmnia
881,vjhdrx,qsowqlye
882,ysaeey,ndotvsgd
883,nyfwzu,wxfhodjd
884,ilxyah,kpmswnzp
885,oywthx,nhsuenkc
886,bfpnrw,arincwpx
887,wpobzo,hhhylwtt
888,glzknu,dmamgpek
889,fiptgn,jbplnxwc
890,mayqfh,gozjsnas
891,ztxqtz,gvgckqml
892,tiurug,ngrlybvl
893,sqfxrx,pqnqcduq
894,kbuqfb,iscunmlt
895,kmguko,bfyfkxzn
896,iheyde,pcybvseh
897,dshsoi,emqczlcx
898,utfymi,dusyuqty
899,cisezw,ilqffpld
900,oglqmz,ibgfyxas
901,dxnvrd,mollxvps
902,dtnlgv,kvrdwgjs
903,qxzuzj,xizxhzju
904,ndoqyg,lzttsuaq
905,upzxrw,cvpvouca
906,uxrauz,snvwfnpd
907,kjesig,aulrkxpe
908,ysmkdx,skwheayr
909,lnpzjf,zhtnjqos
910,ngtsoe,ziqlhjaf
911,vweiat,byaidbbx
912,pqqvxq,trhyavvw
913,uisdvb,vkhtmmeb
914,zoyule,orlvaiye
915,iixorm,zfblyppw
916,ajlvxe,qmdawnay
917,idohsg,aurzxipp
918,ibeukd,bujwastz
919,zopcxh,uxpefkuo
920,apmudt,moqrwcwp
921,occanj,tpqqygby
922,xdmfzy,ckeaecfn
923,avfbys,mixabuzr
924,orsgpr,fpwbttma
925,hovsnp,jusunaqy
926,cqnwry,qyebvrgw
927,wcqnhs,qqaccrun
928,mckmli,pacncfbi
929,qjpbnd,ffqkqysy
930,voenqd,igotjazm
931,obajju,ivrftvab
932,sngfaz,gcloated
933,zjsuhf,zdlhqquh
934,pktrtn,mbrlxjnw
935,mllpys,fbyszdjj
936,ugtqdb,zwhficle
937,laznug,xxjwfkxf
938,fsgudc,kkugvbgd
939,nomwrg,rkwagqzr
940,psqhhd,whgknbgv
941,qehzpd,rydtgmtl
942,ethecr,kezypnsi
943,uzfueu,ljqxjsss
944,olijec,oerruhik
945,miqgzx,ewlkaytf
946,vkmqfz,ggishdql
947,rrtoow,zafjqljr
948,tlkqam,vxvfjkyi
949,clhqxu,gsjoklnr
950,ftbqwy,bwhylaej
951,oqykez,xftlvxxz
952,cjuezy,imstaptg
953,uapmtk,ifdmpmio
954,hkonkb,vytjhbdu
955,dnncas,zlexfojt
956,uiwyqo,aujxidvf
957,wumicn,lbuonlvn
958,anfxkk,xpvkudsq
959,imtvaq,lftwtbkl
960,wpobkq,fofogbry
961,nggkib,tbdexypg
962,iepeos,qxvkvycy
963,lkyylq,ncpespvw
964,eduhbj,dkeoxdni
965,fqmwgy,nzoifuan
966,fbibjy,anzyanvx
967,xtkymg,ghgqehlp
968,hocora,esnsbumb
969,vempea,mwbhxlqk
970,ueozbq,bkimzfqm
971,eldtbd,oocslbbu
972,wompep,eqsnulfe
973,xfyrrr,qjpcuxll
974,llktgd,cnzxqowt
975,qpdwpq,hwurqzkh
976,hojbdr,kcjvegrb
977,adpsig,mfemrckf
978,skswct,dqcztolp
979,vniaiy,igohgvev
980,hoouyq,sgofxdiy
981,ammolf,xcenxcfc
982,lvqpjb,efwwjytq
983,owyfyn,fpbsuelo
984,rieaxa,haroougl
985,buslxp,qilttcqi
986,taphiu,vayghbdu
987,ckayao,lgiqvlfu
988,mwznwj,pnymacld
989,ktumfa,mrtauwqs
990,zhzccg,lshbmhng
991,eqklxl,xqdssuvx
992,dfvdek,fjityesf
993,lnmpqt,aqivclwx
994,vzvwjr,yvixzfjc
995,egsmuw,jpxbizin
996,jrdbjg,mitpnfyc
997,xxpqqx,bwdalthq
998,hhhyfg,plwxtxsx
999,dolkck,tkpzaybz
1000,bhxtuf,qohhrrzb
1001,fzjhyt,tbjxjzkr
