TypeId,TypeName
8,awmier
9,asivqr
10,zkvufq
11,amqmgb
12,luyfpb
13,dieiot
14,egxopv
15,jbdrsh
16,nlsfmu
17,ujzscu
18,svjrrs
19,eseqzl
20,stjnvs
21,kjwkmo
22,spqcdn
23,wtciph
24,qcrzbp
25,whilnd
26,yixzvp
27,qifeyw
28,urfuqq
29,qrfbvw
30,pyvqol
31,pgisnp
32,ifzmbz
33,pjwzab
34,mbwcap
35,sqxcys
36,ntfqwk
37,tehcgl
38,pkcmwp
39,vyjxwo
40,popysr
41,myhxdk
42,wqlbuw
43,lfldis
44,grscob
45,tyvwwm
46,lfdysh
47,xesenj
48,tzcpqv
49,hngqhm
50,sptqbq
51,pzaiil
52,agiywx
53,oyropw
54,lmxeim
55,lvhnat
56,urodex
57,ysxmdx
58,vzygbk
59,lfogpb
60,zjnqxk
61,cyzegl
62,aldsei
63,algihp
64,hhozyt
65,mprlcs
66,iwbsrw
67,yjdzfv
68,smeoms
69,kemlmf
70,oqbyzo
71,kyzmtu
72,ngovec
73,dttqko
74,dnygwn
75,xwgymu
76,ltnnci
77,rhkvxw
78,ngclbf
79,mkjkgy
80,ueaghk
81,bzaofk
82,czfqup
83,bpyflf
84,mkpfgl
85,tdjjdb
86,zxwshu
87,ytiizv
88,qhilaf
89,lbovli
90,fplttt
91,zozylh
92,atlhwr
93,ovifhe
94,chjzbw
95,cirhjz
96,bpndec
97,qebgbn
98,luusxm
99,refpjf
100,qjtcya
101,pcfnjz
102,ilferi
103,qxntxa
104,bemqae
105,lctyqc
106,vkfklq
107,fuyjzu
108,wyweat
109,ccasoo
110,ygjmol
111,foabkx
112,yfqyoh
113,obdtfj
114,adiwzt
115,szjdmk
116,clyeuz
117,bgfsxm
118,hwursc
119,qequha
120,slhpru
121,prysqw
122,utirdm
123,znagah
124,kxntzt
125,xupfkf
126,ijublr
127,ylqghm
128,gndzpb
129,ulamag
130,vqamzy
131,jzzryu
132,zjyfmm
133,opsibs
134,zixiof
135,qqptak
136,vpxwft
137,qqcmrj
138,vjgznu
139,wwetpe
140,newafo
141,oikevl
142,ffgfzt
143,zyeqkb
144,okhzca
145,vpvuho
146,cfewkw
147,ezlngq
148,zwbfua
149,nwgdnj
150,nztfiu
151,deogno
152,ipafvk
153,qlamej
154,caygoo
155,ayfrnd
156,szrtev
157,leopvp
158,mzfvrs
159,htmvuc
160,oyfxql
161,kuozgq
162,efsulc
163,awhstd
164,ymokzh
165,idoeff
166,jcjvcv
167,bhqjme
168,gxyjex
169,mzcvzt
170,xudhul
171,fkcpuu
172,drcnuo
173,xpyrvo
174,gdmket
175,vjkizq
176,gihxkc
177,chlmam
178,qmtjcu
179,ommpbo
180,bpelfc
181,njvdzw
182,zdiuod
183,qdjteh
184,lboufx
185,cyyffa
186,gzctgo
187,icddhm
188,ezsanq
189,flhbny
190,pbpyoh
191,nplhxi
192,eptxzq
193,yqslog
194,odgwew
195,tkdcvk
196,fncois
197,zekuhl
198,mftqbx
199,bggzrc
200,yroept
201,kklpkt
202,xrjbin
203,suwrfm
204,mxdczs
205,fgbkxt
206,dvjrmr
207,unmvgj
208,ffkfgi
209,anxmes
210,jmachs
211,xzwbbi
212,pyjrcw
213,pcqzmr
214,cvbfdw
215,rhcsuo
216,hocxcf
217,ohayfe
218,tberyv
219,gkbfsw
220,musenu
221,tgejhh
222,zblwfk
223,emcmag
224,hqjzxz
225,aubdxo
226,amawuh
227,svofpp
228,fnxsxx
229,ffbfgy
230,tknudh
231,ebmwnd
232,uwzyht
233,aupzbc
234,arnujb
235,nhrahr
236,birjhf
237,jtlclf
238,rdzefw
239,xguslb
240,vempkp
241,aorupo
242,ttwthd
243,ntoewq
244,jqfbyy
245,pgsvrr
246,ouyisa
247,tysqoq
248,dfyqdg
249,bjktww
250,ymscrk
251,ofuuim
252,zuwgbw
253,ygualz
254,jcsneu
255,yshzsh
256,mhmmum
257,yzbyzb
258,qxwxbe
259,wlwgid
260,gyypjg
261,mgehwj
262,fqzlyo
263,abridp
264,enqrcg
265,wcrrnj
266,hcjqrw
267,knrsqv
268,guxysj
269,iqanzc
270,rqjjpp
271,llnxsf
272,qdygpu
273,jnjeyb
274,iyxmcp
275,mpdbox
276,sprzjn
277,yorwnh
278,gsrjmf
279,tgfzzc
280,gqplqo
281,daeyym
282,wgqndi
283,pybndu
284,qxbqmc
285,itjogj
286,jowjqy
287,dzpapt
288,tyuieu
289,cpyaau
290,sclulg
291,rvgorr
292,solxye
293,xijfny
294,rzziaf
295,oqyjzf
296,eeqinc
297,amvdcg
298,ituifh
299,atlsai
300,nzmpmy
301,tutpxg
302,whkrgy
303,cweicd
304,qgnqah
305,wneyus
306,pvhnbl
307,tdbwhe
308,zfrsst
309,enukxd
310,vxdkiw
311,ysetkx
312,hysuco
313,hujotq
314,xkgrjr
315,ilteia
316,mzlndp
317,vtuobm
318,rdmzwg
319,tuwmfa
320,semqjj
321,wmltyy
322,jgnrkb
323,zdnqdt
324,tflvts
325,gnapya
326,wwbjfr
327,lhdvis
328,xskmea
329,cbifxm
330,pfvbtg
331,mpeqif
332,siazsp
333,bqbozu
334,knkfsk
335,etfkdd
336,khddyw
337,gqpdea
338,yloczh
339,xjddou
340,dlzwvw
341,konzlm
342,wegslh
343,fvwtsn
344,qkjqgt
345,ciifhn
346,poteia
347,zudfxw
348,nxlzxz
349,alnvzs
350,usbyjs
351,vqdhad
352,fzvknu
353,pcugad
354,fpoxax
355,lhaozu
356,mrugou
357,fahpov
358,wtzisn
359,qdpbcg
360,wlweha
361,kvygpe
362,uukztv
363,bgwgni
364,qjdivg
365,gytdtt
366,vbwqgb
367,prlkey
368,fohkrs
369,axbyso
370,ecjlnq
371,xzlaro
372,ynilfg
373,fmlhge
374,djffej
375,rvfpbs
376,rdqfmk
377,ofjnrr
378,oogpxt
379,lzdiod
380,cuqlbz
381,coxfqj
382,uaokvy
383,qbbeuf
384,lvmkwv
385,eoaycb
386,yjmmyt
387,ldlbyt
388,ikbmhu
389,fgtisf
390,relzdz
391,grmpwn
392,kvyixy
393,asylxy
394,ijxdye
395,qunbmi
396,muxyqf
397,pchtgb
398,tnkjkk
399,ddvnjz
400,mosxuv
401,wvdwoh
402,ebnnuq
403,pgvpvy
404,uksaju
405,jxrzyy
406,ipiqqs
407,bqvtut
408,dsuwza
409,hkvsqx
410,wvvbnu
411,prjida
412,natcwh
413,pfkbnm
414,hycudr
415,tgvsgj
416,kaqbou
417,zlqzti
418,jhdzqc
419,wcvjje
420,fyglbg
421,udoesb
422,pnyeez
423,hgswgp
424,ilwfmb
425,mggaqy
426,ktjiup
427,nmswof
428,oqxdfc
429,qtpjui
430,dviuus
431,kgggcs
432,whlxsw
433,apftus
434,xtuezm
435,jyroah
436,mdzosa
437,ueqdvc
438,ugxujk
439,plazbq
440,uemyow
441,hjoyyn
442,iwqgkw
443,bxtvjg
444,ehgnba
445,bzavtv
446,ehxkld
447,eywphu
448,vmjanm
449,wrqbxf
450,edhdsi
451,qxvgkw
452,ziertq
453,qqvaly
454,cuqtpd
455,lrxpgn
456,sehxpa
457,algnjd
458,boepzl
459,ilumfe
460,xigrjg
461,lzkpbo
462,igvqrk
463,sgcwaa
464,lbqozt
465,spuunv
466,lrkswf
467,yiyyqe
468,twscee
469,cspnhb
470,pbkjea
471,ljbago
472,uzeqtm
473,ammosh
474,zeataj
475,ufwimt
476,bkvbap
477,toyisa
478,pwqehx
479,dgxwkj
480,szhgwm
481,rawrvj
482,pdumdh
483,oduztm
484,edxaxu
485,vjrewt
486,ixobyd
487,mbzfwz
488,uempqm
489,yozbgx
490,wabxet
491,qudsfs
492,telvgk
493,hxemjc
494,brdbnq
495,hpjgjn
496,majxtc
497,tqhkll
498,tccgfe
499,ssvekw
500,kopdxz
501,vtugas
502,ebadar
503,lbmkok
504,eplybr
505,gtzzin
506,dqijjq
507,nmdusz
508,whclgp
509,thhrpe
510,tyydth
511,blsogo
512,yeejoi
513,qymgix
514,hhdjkq
515,jtpcnw
516,zrlzmr
517,myqayp
518,mazbbz
519,gjzyaa
520,bwmphf
521,fxhyej
522,bsuptc
523,fzjxfe
524,morvnj
525,pqowku
526,dbzjhw
527,bpovwl
528,zrbyiu
529,xomloo
530,fyyixp
531,wbekgm
532,rhbnpo
533,sobxdd
534,bujiyz
535,vbxmjj
536,gxjquy
537,jwduaz
538,fosnfy
539,ctkmnf
540,sxdbtx
541,szmvsl
542,vfqqom
543,mhbiut
544,fyejmi
545,xopdkk
546,efqkss
547,fzxnel
548,ekdgyz
549,sfafni
550,sghhty
551,vmenpy
552,tjeple
553,blfpgg
554,ulyldi
555,qeyirh
556,izdegx
557,kyqikq
558,osgzvv
559,axvxzs
560,azojde
561,uxxwmd
562,lvzjab
563,xpngme
564,weasav
565,lgsesl
566,mtinvh
567,yojqox
568,hcfaeo
569,kyklft
570,mskwij
571,dszpem
572,kqecaa
573,iotqgh
574,ljbbxw
575,ubdjak
576,odkotg
577,lxwoxk
578,evhcfz
579,yoktfm
580,akuzok
581,tlawac
582,qbbmed
583,lhqiqm
584,kzoift
585,mhgpnx
586,cjrsww
587,iheobe
588,ifadjs
589,bolrhh
590,yevlcd
591,slvlmw
592,fymang
593,avtuoj
594,jtqwnx
595,zpwfqj
596,bdionu
597,qfngzq
598,jpfdgj
599,pehmkf
600,jkuufn
601,ipmnwp
602,cteqdw
603,bjwbwo
604,kcihya
605,bgwcio
606,gsykgq
607,nvlbcj
608,kvprvk
609,pjzpdp
610,kmjxsh
611,kmxzpd
612,bnmwnh
613,ttvubc
614,hjirkc
615,vooirx
616,hashua
617,zocria
618,itagtp
619,mcwomh
620,zuxvio
621,wnkmnp
622,fqpznj
623,ktilrh
624,kayewd
625,uzdikl
626,pqyhib
627,uuzcpl
628,iknidh
629,vfjplr
630,pjeqrj
631,nwrcgc
632,urjbwd
633,vdsfcj
634,bucijt
635,mradvh
636,clrzir
637,lhboju
638,itijbh
639,jlwpzc
640,njgepj
641,etdrej
642,bcqssz
643,ygnxiq
644,eqgzcc
645,bplupw
646,zqogmj
647,nmrqya
648,iyeuxh
649,bindle
650,tfjrfr
651,ahjocs
652,izfubz
653,dsvycl
654,mcanjv
655,vrvzad
656,uwaixv
657,lyvtzs
658,eglxrd
659,xqqiqy
660,lpfgaz
661,hyivvt
662,axopfk
663,nzvfje
664,haztme
665,fwmpht
666,qohjnh
667,yaxysd
668,kynnys
669,xqexqe
670,lheiri
671,cwegdi
672,tysmoc
673,qghpbx
674,ixycaa
675,fwvktj
676,xjustf
677,slzwfi
678,qpyrey
679,oawpmd
680,pjvxor
681,kdcdhh
682,jqzvzw
683,itnnjg
684,oyihky
685,ufuudm
686,ignwus
687,hirnxf
688,edaqek
689,yufgzv
690,ccxnad
691,mktrpb
692,vwkcfw
693,paages
694,wtojax
695,xfcbyg
696,wuwmcu
697,wmjjxn
698,docqnh
699,hlaujo
700,pcgcrw
701,urzngq
702,tsriwp
703,wugwxk
704,kwhppc
705,yvbpam
706,lcwvbv
707,lgszdk
708,jydpdh
709,qucirl
710,lwxudo
711,lqwycm
712,sjlmrf
713,cwgyqd
714,eftmwt
715,futnzi
716,ztfrdf
717,vgxhke
718,vzfnhd
719,scblgj
720,gfogco
721,ukpdds
722,fncfwe
723,vdgraq
724,kysgsa
725,izeqss
726,smlonp
727,xtyxgn
728,ptbsfo
729,rgjwqh
730,bcitwx
731,nnjaqx
732,jimsnj
733,ifucon
734,meyjgb
735,rkjkjt
736,icorck
737,rwhiai
738,tzlgzu
739,mqtczp
740,tckkkw
741,zbcynd
742,aqitmd
743,bjlxdv
744,xhresb
745,rumjeb
746,jvkkae
747,gllvkv
748,mgjrto
749,kslxsb
750,eevafe
751,qqacqe
752,gyyfbe
753,edttik
754,tyfeyu
755,dhdolr
756,cptmyk
757,fyldqk
758,xoayej
759,flcous
760,drxzsd
761,zshmcl
762,niqmas
763,ktrvzf
764,sparfi
765,hiwtsx
766,hzmmij
767,blyiuv
768,uqubcw
769,yyesoz
770,hwlumi
771,wukckq
772,maczps
773,plixkm
774,nsskva
775,arivow
776,ahgbsy
777,iuikcx
778,skufqh
779,iogsem
780,bwngho
781,bltlqa
782,idhbig
783,kfdhhq
784,wsrxsw
785,ywgjph
786,enhjtu
787,aprpwn
788,uisfgd
789,cugwbd
790,xzhwsl
791,uoiipa
792,odxeyf
793,qihqxk
794,xzbhsa
795,wrkngl
796,esozgq
797,saxusn
798,eiixkx
799,jhinng
800,cphpzf
801,isnakd
802,fmluxb
803,tsxxhj
804,fsaqsq
805,frndvo
806,absmbk
807,hfluyt
808,tonwsd
809,obhtmu
810,fxpcrz
811,roglih
812,wfhujy
813,poxljh
814,mqwvyj
815,ufntbs
816,lmykxa
817,swrucd
818,xhveao
819,xsuhnp
820,brfuqs
821,dbcybe
822,kvvhbe
823,iqdczj
824,ozzdej
825,fgdybr
826,zfnuik
827,nbyjas
828,clztfu
829,ogppwf
830,wipexz
831,hsznip
832,otcjuy
833,qoycfq
834,ckxmbf
835,luyxbi
836,ymoqef
837,dtjyse
838,hucmzl
839,icjwxb
840,lxkjkp
841,vobzvs
842,glqcju
843,mhpknj
844,erwanm
845,fnxfdy
846,nfebeh
847,fvldbu
848,hgjtwc
849,txievl
850,wiownv
851,wkbnul
852,ehriwj
853,rodlld
854,gnuwxs
855,jucncy
856,ekwrwu
857,zdfjdz
858,haibtl
859,kzvbvf
860,wvxenh
861,hmkfwq
862,wtgpmy
863,rbhudt
864,mvuisl
865,wuuwhx
866,fdrptp
867,dxxuye
868,sljihm
869,uhahju
870,vvcepn
871,iwmzsl
872,uqfsnb
873,vbhtqp
874,kavgfl
875,maokfi
876,dfitga
877,mndkka
878,zagien
879,lsdyyt
880,fbpxgs
881,avctop
882,dfafdo
883,yuwreo
884,cbmgmp
885,swntbn
886,xpctrc
887,tqtdiv
888,wbpcvf
889,odvkju
890,geqobv
891,igtwpj
892,qsdugf
893,wcvfbt
894,onmnyv
895,kqskck
896,luojlk
897,znfpbx
898,xowqvq
899,xgclat
900,hefrsb
901,fscqna
902,zlpaom
903,yultrz
904,lieqxa
905,ilcxyr
906,cucffn
907,hempls
908,hkmbml
909,ujcjln
910,hfqxmu
911,aogrxi
912,ndoclp
913,xuulii
914,zosjhe
915,gofacs
916,nbopzp
917,pjraer
918,vylhei
919,yfqkge
920,vepdhx
921,woqddv
922,qzelkr
923,zuclzh
924,fmakng
925,lbqpfn
926,lrstol
927,fyxhps
928,vrjfox
929,xbueok
930,liegev
931,fyceat
932,bomasz
933,xdmkji
934,qrgsbv
935,chsjwo
936,epavjj
937,lbtnsk
938,txdbof
939,pasxkq
940,rpijuh
941,gqmmne
942,gqqkhq
943,yaguih
944,ujxczo
945,ihnffc
946,lijgzh
947,kitlyk
948,scabzz
949,ahzgtt
950,ccaqrd
951,bddzdy
952,ukzdmd
953,rpqlav
954,uguffi
955,feovot
956,syuetp
957,ehioqo
958,vatvkv
959,rrpflp
960,mgavgu
961,heruaw
962,zwqmto
963,bkilzf
964,bfoirv
965,bhhagh
966,ewnlnz
967,hbesby
968,unhpan
969,cypzmv
970,rcaaup
971,qgowas
972,yeoygn
973,bxnijb
974,ngsdff
975,zanoyy
976,iqbaqm
977,gqlnnk
978,bunnau
979,atnkxf
980,oxqxgr
981,svnaoy
982,mgffgm
983,htejdo
984,vayhes
985,wvfnlj
986,vmswfa
987,wxmyvl
988,lumumt
989,kflnaw
990,crsqht
991,eqmlny
992,sjlkzf
993,fmyiic
994,hqqvbn
995,lhatks
996,lzyalz
997,kcpjcf
998,qqqyqb
999,sotzvs
1000,owupdp
1001,uazpjm
1002,rogstj
1003,nnqydd
1004,ociijt
